company,vertical,city,state,website,linkedin,founder_or_partner,estimated_team_size,signs_of_relationship_sales,likely_crm_usage,visible_followup_gap,recent_signal,outreach_priority,personalization_angle,sample_brief_status,notes
ELKALYNE,IT marketing and product recruiting,Denver,CO,https://www.elkalyne.com,https://www.linkedin.com/company/elkalyne,Lisa Gonzales,4-8,Founder-led boutique with contract and direct-placement services across recurring tech and marketing roles,Likely ATS plus LinkedIn Recruiter and spreadsheet notes,Public site speaks to talent solutions across multiple role types; follow-up likely spans clients candidates and past searches,Recent public website refresh and continued positioning around boutique talent support,High,Reference woman-owned Denver boutique and SAP-to-broader-market evolution,Public scan complete,Use only public positioning and a hypothetical dormant tech hiring manager account
Huffman Associates Executive Search,Mortgage financial services and fintech recruiting,Charleston,SC,https://huffmanassociates.com,https://www.linkedin.com/company/huffman-associates-llc,Michael Huffman,8-12,Long-running search practice built around lenders fintech firms and repeat executive relationships,Likely mature ATS plus LinkedIn Recruiter and contact history in email,Specialized market and 20-plus-year history suggest many past lender contacts worth resurfacing,Public team pages emphasize mortgage and financial-services search specialization,High,Lead with stale lender and fintech relationship recovery after rate-cycle changes,Not started,Do not mention access to lender pipelines; sample should be clearly labeled hypothetical
Brick Executive Search,Fashion luxury and consumer products executive search,Chicago,IL,https://brickexecutivesearch.com,https://www.linkedin.com/company/brick-executive-search,Hope Brick,3-8,Boutique executive search with founder network in fashion retail luxury and CPG,Likely ATS plus LinkedIn Recruiter and founder-maintained relationship notes,Executive search model depends on timing with prior candidates clients and dormant consumer-brand contacts,Public site emphasizes strategic talent partnership and manager-to-C-suite placements,High,Use fashion and consumer-brand leadership timing as the opener,Angle drafted,Anchor sample on public specialization; no claims about private client lists
Red Kite Recruiting,Food manufacturing recruiting,Remote,US,https://www.redkiterecruiting.com,https://www.linkedin.com/company/red-kite-recruiting,Deanna O'Connell,7-12,Woman and veteran-owned niche recruiter serving food manufacturers across sales operations QA and R&D,Likely ATS plus LinkedIn Recruiter and long-running candidate database,Multiple functional areas and national food-manufacturing niche imply dormant candidate and client relationships,Public site and team profile emphasize national food-industry recruiting since 2008,High,Reference veteran-owned food manufacturing specialization and dormant plant-ops relationships,Public scan complete,Sample brief can use hypothetical paused QA director search based on public category only
JL Klein Executive Search,Legal compliance and alternative assets search,Miami,FL,https://jl-klein.com,https://www.linkedin.com/company/jl-klein,Daniel Klein and Jason Latin,3-6,Partner-led search for legal compliance finance and operations roles in alternative asset management,Likely ATS plus founder-maintained investor and law-firm network notes,Partner-led model means timing and past warm legal contacts are central to follow-up quality,Public site highlights founders personally leading searches and alternative-asset specialization,High,Lead with dormant general counsel or compliance leader relationships in funds,Public scan complete,Keep language about funds public and hypothetical
Silicon Beach Talent,Frontier technology executive search,Santa Monica,CA,https://siliconbeachtalent.com,https://www.linkedin.com/company/silicon-beach-talent,Marissa Peretz,3-8,Founder-led retained search for engineering product and operations leaders in disruptive technology,Likely executive-search CRM plus LinkedIn Recruiter and investor-network notes,Deep-tech leadership searches create long candidate arcs that can go cold between funding events,Public site emphasizes Tesla recruiting background and frontier-tech leadership placements,High,Reference hardware autonomy and aerospace hiring cycles with funding-triggered reactivation,Needs founder review,Sample should say hypothetical portfolio hiring signal rather than real funding intelligence
Next Frontier Search,Deep tech defense and space executive search,Venice,CA,https://www.nextfrontiersearch.com,https://www.linkedin.com/company/nextfrontiersearch,Andrew Goldberg and Tyler Skoro,4-8,Retained search for venture-backed space defense autonomy robotics clean tech and cybersecurity companies,Likely executive-search CRM plus LinkedIn Recruiter and investor-network tracking,Specialized startup searches involve paused searches candidates and portfolio-company timing changes,Public site highlights deep-tech focus and advisory orientation,High,Use deep-tech leadership search timing and dormant VP Engineering candidates,Not started,No inference about portfolio company hiring unless public
Plenty Search,Startup executive search,San Francisco,CA,https://plentysearch.com,https://www.linkedin.com/company/plenty-search,Thach Nguyen,6-12,Startup-focused executive search with founder and VC relationships across early-stage companies,Likely ATS plus LinkedIn Recruiter and structured founder notes,High-touch startup searches can leave promising founders or candidates dormant after a role closes,Public site emphasizes founder choice quality and limited active searches,High,Lead with small-batch search quality and neglected founder follow-up after closed roles,Angle drafted,Keep sample brief as founder workflow aid not performance claim
Pathway Talent,Finance and accounting recruiting,Tacoma,WA,https://www.pathwaytalent.is,https://www.linkedin.com/company/pathway-talent,Lauren Treleven,2-6,Boutique high-touch recruiting for finance accounting and strategic hiring support,Likely light ATS plus LinkedIn Recruiter and spreadsheet-based client follow-up,Founder-led model and advisory sessions make manual relationship tracking important,Public site emphasizes relationship-first right-hire searches and hiring strategy sessions,High,Reference finance-accounting hiring timing and founder-led high-touch process,Not started,Use hypothetical dormant controller-search client based only on public positioning
H2 Recruits,Professional recruiting and talent management,Birmingham,AL,https://h2recruits.com,https://www.linkedin.com/company/h2-recruits,Heather Healy,4-10,Boutique recruiting for PE-backed and growth companies across IT engineering sales finance and leadership,Likely ATS plus LinkedIn Recruiter and email-driven founder follow-up,Broad senior roles across growth companies create many warm relationships that may need reactivation,Public site positions firm around quality searches and boutique recruiting experience,High,Lead with growth-company talent follow-up and PE-backed relationship timing,Public scan complete,Sample should not imply knowledge of PE portfolio accounts
Alpert Recruiting,Marketing communications sales and HR recruiting,Denver,CO,https://www.alpertrecruiting.com,https://www.linkedin.com/company/alpert-recruiting,Megan Alpert,2-6,Boutique recruiting agency placing marketing communications sales and HR professionals nationally,Likely light ATS plus LinkedIn Recruiter and founder-managed prospect notes,Founder-led service and multiple role families suggest warm hiring-manager relationships can sit idle,Public site emphasizes employer services candidate care and testimonials,Medium,Reference Denver marketing-sales recruiting and Accenture recruiting background,Not started,Good fit for a lighter sample brief focused on hiring-manager reactivation
Z3Talent,Retained executive search for entrepreneurial companies,Denver,CO,https://www.z3talent.com,https://www.linkedin.com/company/z3talent,Steven Ziegler,8-15,Retained executive search with long Denver-Boulder relationships and entrepreneurial-company focus,Likely executive-search CRM and structured relationship records,Long-tenure retained search practice likely has dormant executives clients and advisor relationships,Public site emphasizes retained search for entrepreneurs PE-backed family-owned and nonprofit organizations,Medium,Use Denver-Boulder leadership network and founder-led trust as the opening angle,Needs founder review,May be more mature than ideal; keep outreach respectful and exploratory
MatchStar Venture Search,Venture-backed technology executive search,San Francisco,CA,https://www.matchstar.com,https://www.linkedin.com/company/matchstar-search,Carolyne Connor,5-12,Boutique venture-search firm built on founder investor and executive networks,Likely executive-search CRM plus large LinkedIn and investor relationship database,Large public network and pre-IPO focus create many timing-sensitive dormant executive conversations,Public site emphasizes fast-growing venture-backed tech management teams,Medium,Reference venture-search timing and reactivating prior candidate relationships after funding milestones,Not started,Avoid claiming knowledge of specific investors or live searches
Dynamic Search Consulting,SaaS and IT services sales leadership search,San Jose,CA,https://dynamicsearchconsulting.com,https://www.linkedin.com/company/dynamic-search-consulting,David Kant,5-12,Boutique executive search for VP and C-level sales leaders in SaaS and IT services,Likely executive-search CRM plus LinkedIn Recruiter and founder relationship notes,Sales-leadership searches often produce close runners-up and past clients worth revisiting,Public site emphasizes repeat clients search cycle quality and replacement guarantees,Medium,Lead with dormant sales-leader runner-up and prior SaaS client reactivation,Public scan complete,Sample should not repeat public performance metrics as Meridian proof
RonanVance,Life sciences clinical and scientific search,Boston,MA,https://www.ronanvancesearch.com,https://www.linkedin.com/company/ronanvance,Chris Tamburrini,2-5,Science-driven life-sciences search for biotech and pharma senior talent,Likely niche ATS plus LinkedIn Recruiter and founder-maintained biotech network,Specialized biotech roles often pause and reopen after milestones creating follow-up gaps,Public site focuses on clinical scientific and drug-development leadership search,High,Use biotech milestone timing and dormant clinical-operations relationships,Angle drafted,Anchor on public therapeutic-area language only
Conduit Search Group,Construction real estate and accounting search,Fort Washington,PA,https://www.conduitsearchgroup.com,https://www.linkedin.com/company/conduit-search-group,Marc Murphy,6-15,Boutique search firm specializing in construction real estate and accounting relationships,Likely ATS plus LinkedIn Recruiter and recruiter-managed client notes,Construction hiring cycles and past candidate relationships create obvious manual follow-up needs,Public site and founder profile emphasize construction specialization and long recruiting experience,High,Lead with dormant project executive and estimator relationships after delayed projects,Public scan complete,Do not imply knowledge of project backlog or client bids
K. Jacobs Executive Search,Architecture engineering and construction recruiting,Merrimack,NH,https://www.kjacobs.com,https://www.linkedin.com/company/k-jacobs-executive-search,Oleg Goltsov,2-6,Low-volume relationship-based recruiting for AEC firms,Likely light ATS plus LinkedIn Recruiter and founder email history,Small low-volume model depends on remembering candidate motivations and prior client conversations,Public site emphasizes culture fit aspirations and long-term placement alignment,High,Reference AEC candidate motivation notes and founder-led long-term fit,Not started,Strong ethical fit because sample can stress human review and no automation
The ELTA Group,Construction and residential development recruiting,Indianapolis,IN,https://eltagrouprecruiters.com,https://www.linkedin.com/company/the-elta-group,Wendy Lawrence,3-8,Relationship-driven construction recruiting for high-level placements and residential development roles,Likely ATS plus LinkedIn Recruiter and founder-managed relationship notes,Public no-pressure relational positioning suggests missed follow-up is a credible operational pain,Public founder page emphasizes relational communication and construction recruiting,High,Use residential development leadership follow-up and no-pressure relationship style,Angle drafted,Sample should be a labeled hypothetical around paused construction leadership search
J. Connell Construction Recruiting,Texas construction recruiting,San Antonio,TX,https://jconnellrecruiting.com,https://www.linkedin.com/company/j-connell-construction-recruiting,Janet Connell,3-8,Texas construction recruiting with founder reputation and long regional network,Likely ATS plus LinkedIn Recruiter and founder relationship notes,Construction candidate and client timing can shift with projects and markets leaving warm leads dormant,Public site emphasizes Texas construction recruiting across organizational levels,Medium,Lead with local Texas construction network and dormant superintendent or estimator relationships,Not started,Use only public market category and hypothetical timing
SMR Legal Search,Legal and compliance recruiting,Philadelphia,PA,https://smrlegalsearch.wordpress.com,https://www.linkedin.com/in/smrlegalsearch,Susan Rubinovitz,2-6,Attorney-led legal recruiting for law firms in-house counsel compliance and partner moves,Likely legal recruiting CRM plus LinkedIn and attorney network notes,Legal lateral and in-house conversations are timing-sensitive and can go quiet for months,Public profile emphasizes former practicing attorney and regional legal-market focus,Medium,Reference attorney-led recruiting and dormant lateral partner conversations,Not started,LinkedIn is individual profile; verify company page before outreach
RMB Legal Search,Legal recruitment and career coaching,Washington,DC,https://www.rmblegalsearch.com,https://www.linkedin.com/in/rachel-boufford,Rachel Boufford,1-4,Boutique legal recruitment and lawyer career-transition support,Likely light ATS plus LinkedIn Recruiter and founder coaching notes,Small founder-led legal search practice likely juggles candidates who return when timing changes,Public site emphasizes all seniority levels and career-advising background,Medium,Lead with in-house transition candidates and warm law-firm follow-up,Not started,Keep sample small and respectful because practice may be solo
Saltu Legal,AmLaw and attorney recruiting,Dallas,TX,https://saltulegal.com,https://www.linkedin.com/company/saltu-legal,Key Hemyari,6-12,Attorney-led legal talent matchmaking for law-firm placements and specialist practice areas,Likely mature legal recruiting CRM plus LinkedIn Recruiter and relationship history,Legal recruiting involves many dormant attorney conversations that revive around bonus cycles or practice changes,Public site highlights attorney matchmakers and former BigLaw context,Medium,Use attorney-led specialization and timing around lateral associate conversations,Needs founder review,Do not cite public placement counts as Meridian evidence
Hansen Recruiting,Creative digital and marketing recruiting,Springtown,TX,https://hansenrecruiting.com,https://www.linkedin.com/company/hansen-recruiting,Marissa Hansen,8-12,Boutique recruiting for creative digital marketing DTC brands agencies and startups,Likely ATS plus LinkedIn Recruiter and candidate marketing portfolio notes,Agency and DTC hiring cycles leave many promising candidates and clients dormant after paused roles,Public site emphasizes completion rate repeat clients and fast candidate slates,Medium,Lead with DTC marketing hiring-manager reactivation and candidate portfolio follow-up,Public scan complete,Frame sample as one possible manual view not a performance promise
The Connective Good,B2B SaaS marketing executive search,Cambridge,MA,https://theconnectivegood.com,https://www.linkedin.com/company/the-connective-good,Erica Seidel,1-3,Retained boutique search focused on CMOs and VPs of Marketing in B2B SaaS,Likely light executive-search CRM plus founder-maintained SaaS marketing network,Small capped-search model creates a natural need to remember past high-fit CMO candidates,Public site emphasizes limited concurrent searches and marketing leadership focus,Medium,Reference B2B SaaS CMO timing and dormant marketing-leader shortlists,Angle drafted,Good sample should be concise and founder-reviewed because practice is intentionally selective
Healthcare Recruitment Link,Healthcare executive physician and allied health recruiting,St Peters,MO,https://healthrecruitlink.com,https://www.linkedin.com/company/healthcare-recruitment-link,Heidi Johnson,2-5,Women-owned healthcare recruitment firm with executive physician faculty and allied health searches,Likely healthcare recruiting ATS plus LinkedIn Recruiter and referral notes,Healthcare searches often have long cycles where candidates or facilities go quiet then resurface,Public site emphasizes customized recruitment solutions and prompt communication,Medium,Lead with dormant physician or faculty candidate reactivation after a paused search,Not started,Do not imply patient or facility operational data
Finer Recruiting,Financial markets executive search,New York,NY,https://www.finerrecruiting.com,https://www.linkedin.com/company/finer-recruiting-llc,Brett Finer,8-12,Financial recruiting for hedge funds private equity private credit asset management and banks,Likely executive-search CRM plus LinkedIn Recruiter and finance network notes,Buy-side and sell-side searches are timing-sensitive and relationship-heavy with dormant candidate pipelines,Public site emphasizes founder buy-side and sell-side market experience,High,Lead with dormant buy-side candidate relationships and market-timing follow-up,Public scan complete,Keep sample hypothetical and never imply fund hiring knowledge
Celine Recruiting,Financial services recruiting,New York,NY,https://www.celinerecruiting.com,https://www.linkedin.com/company/celine-recruiting,Arielle Kogut,1-5,Financial services recruiting for private equity venture capital hedge funds and investment banks,Likely light ATS plus LinkedIn Recruiter and founder finance-network notes,Small finance recruiting practice likely has valuable candidate follow-ups spread across email and LinkedIn,Public site emphasizes finance background and specialized placements,Medium,Reference founder finance background and dormant analyst-to-associate candidate conversations,Not started,Verify LinkedIn company page before outreach if used manually
ON Data Staffing,Data analytics staffing,New York,NY,https://ondatastaffing.com,https://www.linkedin.com/company/on-data-staffing,Oliver Noel,2-6,Niche staffing firm focused on data analytics teams across North America and the UK,Likely ATS plus LinkedIn Recruiter and talent-pipeline spreadsheets,Data-team hiring needs can pause after projects or budget cycles leaving skilled candidates dormant,Public site emphasizes analytics staffing and niche team building,Medium,Lead with dormant analytics candidate pools and consultancy partner follow-up,Not started,Use public service categories only; no claims about client analytics stacks
Elray Search,Defense electronics and aerospace executive search,Remote,US,https://elraysearch.com,https://www.linkedin.com/company/elray-search,Katherine Jerald,1-4,Niche recruiting for defense electronics aerospace and senior leadership roles,Likely light ATS plus LinkedIn Recruiter and founder-maintained candidate notes,Defense and aerospace searches are specialized and long-cycle making follow-up timing easy to miss,Public team profile emphasizes defense electronics and aerospace focus,Medium,Reference niche aerospace-defense leadership timing and dormant senior candidate relationships,Not started,Avoid implying clearance or contract knowledge
Monzingo Legal Recruiting,Legal recruiting,Fort Myers,FL,https://monzingolegal.com,https://www.linkedin.com/company/monzingo-legal-recruiting,Mary Beth Monzingo,2-6,Boutique legal recruiting with legal administration HR and operations background,Likely light legal recruiting CRM plus LinkedIn and referral notes,Regional legal recruiting creates warm law-firm and candidate relationships that can drift without a next step,Public site emphasizes legal industry experience across boutique and AmLaw environments,Low,Lead with legal-operations empathy and a restrained sample brief offer,Not started,Lower priority because public signals look less urgent for relationship recovery
